"ID","Name","Element","Damage Type","Power","Accuracy","Energy Cost","Priority","Crit Rate","Makes Contact","Requires Contact For Effect","Lifesteal","Recoil","Target","Category","Status Effect","Status Chance","Stat Change Chance","Stat Change 1 Stat","Stat Change 1 Stages","Stat Change 1 Target Self","Stat Change 2 Stat","Stat Change 2 Stages","Stat Change 2 Target Self","Learn Min Level","Learn Max Level","AI Role","Rarity","Combo Tags","Counter Tags","Animation Idea","SFX Idea","Description","Notes"
"001","Ember Jab","Fire","Physical","35","100","3","0","0.10","true","false","0.00","0.00","enemy_single","poke","burn","15","","","","","","","","1","12","poke","common","burn_setup;contact_combo","anti_sustain","Short flame punch","Sharp whoosh + crackle","Quick flame-infused jab with burn chance.","Starter fire physical"
"002","Cinder Bloom","Fire","Magic","110","85","7","0","0.10","false","false","0.00","0.00","enemy_single","burst","burn","35","","","","","","","","10","26","burst","uncommon","burn_setup;aoe_followup","anti_tank","Exploding ember flower","Muffled ignition pop","Unstable cinders erupt around the target.","Core fire nuke"
"003","Heat Veil","Fire","Status","0","100","5","0","0.00","false","false","0.00","0.00","self_single","setup","","0","100","RESISTANCE","2","true","MAGIC","1","true","14","32","setup","uncommon","survivability;magic_buff","anti_burst","Heat haze shield","Low thermal hum","Wraps the user in shimmering heat, boosting defenses.","Defensive fire utility"
"004","Tide Needle","Water","Physical","30","100","4","1","0.10","true","false","0.00","0.00","enemy_single","opener","","0","35","SPEED","-1","false","","","","1","14","opener","common","speed_control;wet_synergy","anti_fast","High-speed water thrust","Piercing splash","A fast stab of compressed water that can slow enemies.","Good tempo tool"
"005","Riptide Crush","Water","Magic","110","85","7","0","0.10","false","false","0.00","0.00","enemy_single","burst","wet","40","","","","","","","","12","30","burst","uncommon","wet_setup;electric_combo","anti_tank","Spiral wave slam","Deep water slam","Summons a riptide that crashes into one target.","Enables wet"
"006","Mending Rain","Water","Status","0","100","6","0","0.00","false","false","0.00","0.00","self_team","sustain","","0","100","RESISTANCE","1","true","","","","18","40","sustain","rare","regen_combo;stall_plan","anti_burn","Soft rain curtain","Gentle rainfall","Restorative rain steadies the team and hardens resolve.","Supportive water move"
"007","Bramble Snap","Plant","Physical","45","100","3","0","0.10","true","true","0.00","0.00","enemy_single","poke","root","20","","","","","","","","1","12","control","common","root_setup;chip_plan","anti_fast","Whip-vine bite","Vine crack","Snapping vines lash the target and may root it.","Contact utility"
"008","Spore Lantern","Plant","Status","0","65","5","0","0.00","false","false","0.00","0.00","enemy_single","control","sleep","100","","","","","","","","10","24","control","uncommon","sleep_setup;big_charge","anti_burst","Glowing pollen cloud","Soft puff + chimes","Luminous spores lull the foe to sleep.","High impact status"
"009","Sap Feast","Plant","Magic","35","95","3","0","0.05","false","false","0.35","0.00","enemy_single","sustain","","0","60","SPEED","-1","false","","","","14","34","sustain","uncommon","drain_combo;stall_plan","anti_tank","Life-drain vines","Wet siphon","Drains life essence to heal the user.","Reliable sustain"
"010","Grave Nudge","Undead","Physical","30","100","4","1","0.10","true","false","0.10","0.00","enemy_single","opener","fear","10","","","","","","","","1","12","opener","common","fear_setup;tempo_gain","anti_setup","Ghostly shoulder check","Hollow thud","A chilling hit that can shake enemy courage.","Cheap priority poke"
"011","Wail of Ruin","Undead","Magic","55","90","5","0","0.10","false","false","0.00","0.00","enemy_team","control","fear","25","80","MAGIC","-1","false","","","","16","36","control","rare","team_debuff;fear_chain","anti_caster","Expanding scream ring","Layered ghost wail","A ruinous scream weakens and frightens foes.","AoE pressure"
"012","Soul Tether","Undead","Status","0","100","5","0","0.00","false","false","0.00","0.00","enemy_single","control","cursed","100","100","SPEED","-1","false","","","","20","44","control","rare","curse_combo;stall_plan","anti_sustain","Shadow chain bind","Rattling chains","Binds the enemy spirit, cursing and slowing it.","Guaranteed setup"
"013","Shock Prick","Electric","Physical","40","100","4","1","0.10","true","true","0.00","0.00","enemy_single","opener","paralyze","20","","","","","","","","1","15","opener","common","paralyze_setup;speed_control","anti_fast","Blinking dash stab","Short zap crack","A lightning-fast jab with a chance to paralyze.","Tempo electric"
"014","Arc Relay","Electric","Magic","60","90","4","0","0.10","false","false","0.00","0.00","enemy_single","utility","","0","70","MAGIC","1","true","","","","12","28","setup","uncommon","magic_buff;chain_burst","anti_tank","Leaping arc beam","Rising electric hum","Deals damage and amplifies the user magic output.","Hybrid setup hit"
"015","Static Net","Electric","Status","0","95","6","0","0.00","false","false","0.00","0.00","enemy_team","control","paralyze","50","100","SPEED","-1","false","","","","20","42","control","rare","team_slow;burst_followup","anti_fast","Grid of electric threads","Crackling field","Electrified web hinders the whole enemy team.","Strong control AoE"
"016","Stone Knuckle","Earth","Physical","45","100","3","0","0.10","true","false","0.00","0.00","enemy_single","poke","","0","80","DEFENSE","-1","false","","","","1","16","poke","common","armor_break;physical_combo","anti_tank","Rock-coated punch","Heavy stone hit","A crushing hit that can crack enemy armor.","Tank breaker starter"
"017","Faultline","Earth","Magic","110","85","8","0","0.10","false","false","0.00","0.00","enemy_team","burst","stagger","20","","","","","","","","18","38","burst","rare","aoe_burst;stagger_chain","anti_setup","Ground rupture wave","Rumbling crack","Splits the battlefield with a violent seismic wave.","AoE earth nuke"
"018","Ironroot Stance","Earth","Status","0","100","5","0","0.00","false","false","0.00","0.00","self_single","setup","","0","100","DEFENSE","2","true","SPEED","-1","true","12","32","setup","uncommon","stall_plan;counter_build","anti_physical","Rooted stone aura","Low rocky grind","Root into the ground to gain defense at the cost of speed.","Classic tank setup"
"019","Sky Slice","Air","Physical","70","95","5","1","0.12","true","false","0.00","0.00","enemy_single","finisher","","0","","","","","","","","1","14","finisher","common","priority_chain;crit_combo","anti_fast","Crosswind slash","Clean air cut","Fast slicing wind strike ideal for finishing foes.","Meta pass: common finisher tuned below rare priority options."
"020","Cyclone Lift","Air","Magic","65","90","5","0","0.10","false","false","0.00","0.00","enemy_single","control","","0","70","SPEED","-2","false","","","","12","30","control","uncommon","speed_drop;team_followup","anti_fast","Mini tornado launch","Whirling gust","Whips the target upward and heavily slows it.","Speed control"
"021","Jetstream Guard","Air","Status","0","100","4","2","0.00","false","false","0.00","0.00","self_single","utility","","0","100","SPEED","1","true","","","","16","34","opener","uncommon","speed_buff;evasion_plan","anti_burst","Spinning wind barrier","Tight wind loop","Instantly gathers air currents to move first next turn.","Quick tempo button; weaker buff but highest priority and cheapest speed option"
"022","Frost Fang","Ice","Physical","45","100","3","0","0.10","true","true","0.00","0.00","enemy_single","poke","freeze","15","","","","","","","","1","16","poke","common","freeze_setup;crit_followup","anti_fast","Icy bite lunge","Crunching ice","A chilling bite that may freeze the target.","Contact ice move"
"023","Permafrost Pulse","Ice","Magic","75","90","6","0","0.10","false","false","0.00","0.00","enemy_team","control","freeze","12","60","SPEED","-1","false","","","","16","36","control","rare","team_slow;chip_plan","anti_fast","Expanding frost ring","Crystalline wave","A pulse of deep cold slows all enemies and may freeze.","AoE utility"
"024","Cold Mirror","Ice","Status","0","100","5","0","0.00","false","false","0.00","0.00","self_single","setup","","0","100","RESISTANCE","2","true","MAGIC","1","true","20","44","setup","rare","magic_wall;stall_plan","anti_caster","Reflective ice prism","Glasslike chime","Creates mirrored ice that strengthens magical defense.","Anti-magic tech"
"025","Sunlit Smite","Holy","Physical","50","95","4","0","0.10","true","false","0.00","0.00","enemy_single","poke","blind","15","","","","","","","","1","18","poke","common","blind_setup;accuracy_war","anti_crit","Radiant downward slash","Bright holy flare","A bright strike that may dazzle the enemy.","Physical holy baseline"
"026","Judgment Ray","Holy","Magic","110","85","7","0","0.10","false","false","0.00","0.00","enemy_single","burst","","0","45","MAGIC","-1","false","","","","22","46","burst","rare","caster_break;holy_burst","anti_sustain","Focused pillar of light","Laser hymn","Calls down concentrated holy light on one foe.","Premium holy nuke"
"027","Sanctuary Verse","Holy","Status","0","100","6","0","0.00","false","false","0.00","0.00","self_team","sustain","cleanse","100","100","RESISTANCE","1","true","","","","18","40","sustain","rare","cleanse_combo;team_stabilize","anti_status","Choir sigil wave","Warm vocal swell","A sacred verse cleanses ailments and fortifies allies.","Team recovery tech"
"028","Razor Pounce","Beast","Physical","85","90","7","1","0.15","true","true","0.00","0.00","enemy_single","finisher","bleed","25","","","","","","","","1","18","finisher","common","bleed_setup;crit_combo","anti_sustain","Low leap slash","Predator growl + rip","A vicious leap that often causes bleeding.","Aggro beast finisher"
"029","Alpha Roar","Beast","Status","0","100","6","0","0.00","false","false","0.00","0.00","self_team","setup","","0","100","STRENGTH","1","true","MAGIC","-1","false","14","32","setup","uncommon","physical_sweep;team_buff","anti_caster","Shockwave roar","Deep beast howl","Rallying roar empowers allies and intimidates casters.","Offensive team support"
"030","Predator Rhythm","Beast","Physical","50","95","4","0","0.20","true","true","0.00","0.00","enemy_single","poke","","0","80","SPEED","1","true","","","","10","26","opener","uncommon","speed_snowball;crit_combo","anti_slow","Rapid claw rhythm","Repeated claw swipes","Low-cost strikes that build the user tempo.","Snowball pattern"
"031","Iron Ram","Metal","Physical","110","90","7","0","0.10","true","false","0.00","0.00","enemy_single","burst","stagger","20","","","","","","","","1","20","burst","common","stagger_setup;armor_break","anti_setup","Metal shoulder charge","Steel impact clang","Heavy metallic charge with a chance to stagger.","Classic metal pressure"
"032","Magnet Snare","Metal","Status","0","90","6","0","0.00","false","false","0.00","0.00","enemy_single","control","bind","70","70","SPEED","-1","false","DEFENSE","-1","false","14","34","control","uncommon","bind_setup;focus_fire","anti_fast","Magnetic chain rings","Electromagnetic buzz","Locks an enemy in magnetic fields and weakens armor.","1v1 pass: bind/debuff reliability reduced."
"033","Chrome Bastion","Metal","Status","0","100","5","0","0.00","false","false","0.00","0.00","self_single","setup","","0","100","DEFENSE","2","true","RESISTANCE","1","true","20","42","setup","rare","tank_mode;stall_plan","anti_burst","Chrome plates lock in","Mechanical lock click","Reinforces the body with layered chrome plating.","Top-tier tank buff"
"034","Venom Flick","Poison","Physical","45","100","4","1","0.10","true","true","0.00","0.00","enemy_single","opener","poison","30","","","","","","","","1","14","opener","common","poison_setup;stall_plan","anti_sustain","Tail venom snap","Wet flick","Fast venom strike with high poison reliability.","Great first-turn pressure"
"035","Miasma Orb","Poison","Magic","80","90","6","0","0.10","false","false","0.00","0.00","enemy_team","control","poison","22","60","RESISTANCE","-1","false","","","","14","34","control","uncommon","team_chip;res_break","anti_tank","Floating toxic spheres","Hissing gas plume","Spreads toxic gas that corrodes and poisons enemies.","AoE attrition"
"036","Black Antidote","Poison","Status","0","100","5","1","0.00","false","false","0.00","0.00","self_single","utility","cleanse","100","100","MAGIC","1","true","","","","18","38","utility","rare","self_cleanse;mage_reset","anti_status","Dark vial swirl","Liquid glug + pulse","Purges self debuffs and sharpens toxic spellcraft.","Self reset button"
"037","Echo Jab","Sound","Physical","60","95","5","1","0.10","true","false","0.00","0.00","enemy_single","poke","daze","18","","","","","","","","1","14","poke","common","daze_setup;priority_chain","anti_setup","Punch with sound ring","Snappy clap","Impact wave trails behind the hit and may daze.","Fast utility poke"
"038","Resonant Break","Sound","Magic","120","85","7","0","0.10","false","false","0.00","0.00","enemy_single","burst","","0","35","DEFENSE","-1","false","RESISTANCE","-1","false","16","36","burst","uncommon","double_break;team_followup","anti_tank","Concentrated sonic spike","Resonant shatter tone","Sonic pressure fractures both physical and magic defenses.","Great breaker"
"039","Silence Dome","Sound","Status","0","65","6","0","0.00","false","false","0.00","0.00","enemy_team","control","silence","100","","","","","","","","22","46","control","rare","anti_caster;control_chain","anti_magic","Fading sound sphere","Sudden muffled drop","Nullifies chants and weakens casting reliability.","Mage counter AoE"
"040","Star Pin","Cosmic","Physical","65","95","5","0","0.15","true","false","0.00","0.00","enemy_single","poke","","0","","","","","","","","1","16","poke","uncommon","crit_combo;space_mark","anti_squishy","Starlight thrust","Sharp stellar ping","Pierces with condensed starlight for high crit threat.","Cosmic crit line"
"041","Gravity Well","Cosmic","Magic","90","85","7","0","0.10","false","false","0.00","0.00","enemy_team","control","","0","60","SPEED","-1","false","","","","16","38","control","rare","speed_control;burst_followup","anti_fast","Mini black-hole ripple","Low spatial drone","Warped gravity drags enemy momentum down.","AoE speed suppression"
"042","Astral Renewal","Cosmic","Status","0","100","5","0","0.00","false","false","0.00","0.00","self_single","sustain","cleanse","100","100","MAGIC","1","true","RESISTANCE","1","true","24","48","sustain","very_rare","self_reset;late_game_anchor","anti_status","Starfield cocoon","Ethereal swell","Reconnects to astral flow to cleanse and empower self.","Elite sustain spell"
"043","Drake Talon","Dragon","Physical","105","85","7","0","0.10","true","true","0.00","0.00","enemy_single","burst","bleed","20","","","","","","","","1","20","burst","uncommon","bleed_setup;dragon_combo","anti_sustain","Aerial claw dive","Wing rush + slash","Rending dragon claw with bleeding chance.","1v1 pass: uncommon burst toned down."
"044","Ancient Breath","Dragon","Magic","120","85","8","0","0.10","false","false","0.00","0.00","enemy_team","burst","burn","18","","","","","","","","22","50","burst","very_rare","aoe_burst;burn_setup","anti_tank","Sweeping primal breath","Roaring flame torrent","Unleashes an ancient draconic breath across all enemies.","Signature late-game move"
"045","Scale Oath","Dragon","Status","0","100","5","0","0.00","false","false","0.00","0.00","self_single","setup","","0","100","STRENGTH","1","true","DEFENSE","1","true","18","40","setup","rare","bruiser_build;sweep_setup","anti_burst","Glowing dragon scales","Low oath chant","Dragon oath reinforces body and battle spirit.","Bruiser enabler"
"046","Flare Lance","Fire","Magic","130","85","7","0","0.10","false","false","0.00","0.00","enemy_single","burst","burn","30","","","","","","","","20","42","burst","rare","burn_setup;burst_followup","anti_tank","Focused flame spear","Roaring flare","Piercing lance of fire with high burn chance.","5-step balance | Feinschliff: niche-adjusted."
"047","Ash Guard","Fire","Status","0","100","5","0","0.00","false","false","0.00","0.00","self_single","setup","","0","100","RESISTANCE","1","true","DEFENSE","1","true","12","30","setup","uncommon","defense_stack;burn_meta","anti_burst","Ash shell armor","Soft ember hiss","Covers the user in hot ash to harden defenses.","5-step balance"
"048","River Hook","Water","Physical","50","95","5","1","0.10","true","false","0.00","0.00","enemy_single","opener","","0","35","SPEED","-1","false","","","","6","18","opener","common","speed_control;wet_synergy","anti_fast","Hooking water arc","Cutting splash","Fast water strike that disrupts enemy tempo.","5-step balance"
"049","Deep Current","Water","Status","0","95","6","0","0.00","false","false","0.00","0.00","enemy_team","control","wet","50","100","SPEED","-1","false","","","","18","36","control","rare","wet_setup;team_control","anti_fast","Rolling current field","Broad rushing water","Soaks and slows all enemies with heavy current.","5-step balance"
"050","Thorn Drill","Plant","Physical","65","95","5","0","0.10","true","true","0.00","0.00","enemy_single","poke","bleed","20","","","","","","","","8","22","poke","uncommon","bleed_setup;chip_plan","anti_sustain","Spinning thorn thrust","Dry wood rip","Rotating thorn attack that may cause bleed.","5-step balance"
"051","Bloom Trance","Plant","Status","0","100","6","0","0.00","false","false","0.00","0.00","self_team","sustain","","0","100","RESISTANCE","1","true","","","","20","40","sustain","rare","team_stabilize;regen_combo","anti_chip","Glowing petal aura","Warm bloom chime","Calming bloom energy bolsters team resistance.","5-step balance"
"052","Crypt Slash","Undead","Physical","70","95","5","0","0.10","true","false","0.10","0.00","enemy_single","poke","fear","15","","","","","","","","8","22","poke","common","fear_setup;drain_combo","anti_setup","Ghost blade cut","Cold tearing whisper","Shadow-forged slash that may instill fear.","5-step balance"
"053","Night Pact","Undead","Status","0","100","5","0","0.00","false","false","0.00","0.00","self_single","setup","","0","100","MAGIC","1","true","RESISTANCE","1","true","20","42","setup","rare","caster_scaling;curse_combo","anti_caster","Dark sigil contract","Low spectral pulse","Forms a pact that empowers spellcasting and warding.","5-step balance"
"054","Volt Heel","Electric","Physical","85","90","7","1","0.10","true","true","0.00","0.00","enemy_single","finisher","paralyze","15","","","","","","","","8","24","finisher","uncommon","priority_chain;paralyze_setup","anti_fast","Electric dive kick","Sharp crack pop","A quick electric kick for secure cleanup.","1v1 pass: priority finisher damage reduced."
"055","Overcharge Coil","Electric","Status","0","100","5","0","0.00","false","false","0.00","0.00","self_single","setup","","0","100","MAGIC","1","true","SPEED","1","true","16","34","setup","uncommon","burst_setup;speed_buff","anti_slow","Coiling sparks around user","Rising electric whine","Builds electrical pressure to boost magic and speed.","5-step balance"
"056","Quake Palm","Earth","Physical","125","85","8","0","0.10","true","false","0.00","0.00","enemy_single","burst","stagger","20","","","","","","","","10","28","burst","uncommon","stagger_setup;physical_combo","anti_setup","Palm shockwave","Stone thump rumble","Short-range quake impact with stagger chance.","5-step balance"
"057","Bedrock Oath","Earth","Status","0","100","5","0","0.00","false","false","0.00","0.00","self_single","setup","","0","100","DEFENSE","2","true","SPEED","-1","true","18","40","setup","rare","tank_mode;counter_build","anti_burst","Grounded stone pillars","Deep tectonic hum","Anchors the user in bedrock to massively raise defense.","5-step balance"
"058","Gale Talon","Air","Physical","55","95","5","1","0.10","true","false","0.00","0.00","enemy_single","opener","","0","","","","","","","","4","16","opener","common","tempo_gain;priority_chain","anti_fast","Feathered wind slash","Swift air cut","Very fast wind claw for tempo play.","5-step balance"
"059","Slipstream","Air","Status","0","100","5","0","0.00","false","false","0.00","0.00","self_single","utility","","0","100","SPEED","2","true","DEFENSE","-1","true","14","32","opener","rare","speed_snowball;evasion_plan","anti_slow","Tight wind tunnel","Rapid wind surge","Slower setup line that grants a bigger speed spike with a defense tradeoff.","Bigger long-term buff with clear tradeoff and slower setup"
"060","Glacier Crush","Ice","Physical","125","85","8","0","0.10","true","true","0.00","0.00","enemy_single","burst","freeze","15","","","","","","","","12","30","burst","uncommon","freeze_setup;breaker_plan","anti_tank","Heavy ice shoulder","Dense ice slam","Massive icy hit that can freeze on impact.","5-step balance"
"061","Whiteout Field","Ice","Status","0","95","6","0","0.00","false","false","0.00","0.00","enemy_team","control","blind","50","100","SPEED","-1","false","","","","20","42","control","rare","team_control;chip_plan","anti_accuracy","Blizzard veil","Howling wind veil","A blinding whiteout lowers enemy speed and accuracy.","5-step balance"
"062","Radiant Pike","Holy","Physical","75","95","5","0","0.10","true","false","0.00","0.00","enemy_single","poke","blind","20","","","","","","","","8","24","poke","uncommon","blind_setup;holy_combo","anti_crit","Luminous thrust","Clear bell impact","Holy spear strike that can dazzle foes.","5-step balance"
"063","Mercy Chorus","Holy","Status","0","100","6","0","0.00","false","false","0.00","0.00","self_team","sustain","cleanse","100","100","RESISTANCE","1","true","","","","20","44","sustain","rare","cleanse_combo;team_stabilize","anti_status","Choir circle aura","Warm layered choir","Cleanses allies and reinforces magical resistance.","5-step balance"
"064","Hunter Rend","Beast","Physical","130","85","8","0","0.15","true","true","0.00","0.00","enemy_single","burst","bleed","30","","","","","","","","14","34","burst","rare","bleed_setup;finisher_chain","anti_sustain","Savage crossing claws","Harsh predatory rip","High pressure slash with strong bleed threat.","5-step balance"
"065","Pack Tempo","Beast","Status","0","100","6","0","0.00","false","false","0.00","0.00","self_team","setup","","0","100","STRENGTH","1","true","SPEED","1","true","16","36","setup","rare","team_buff;sweep_setup","anti_slow","Pulsing war howl","Pack howl chorus","Rallies the team for a coordinated offensive push.","5-step balance"
"066","Steel Comet","Metal","Physical","140","85","8","0","0.10","true","false","0.00","0.00","enemy_single","burst","stagger","25","","","","","","","","18","38","burst","rare","stagger_setup;breaker_plan","anti_setup","Meteoric steel dash","Metal rush clang","A comet-like steel rush that can stagger targets.","5-step balance"
"067","Alloy Matrix","Metal","Status","0","100","5","0","0.00","false","false","0.00","0.00","self_single","setup","","0","100","DEFENSE","1","true","RESISTANCE","1","true","16","36","setup","uncommon","tank_mode;stall_plan","anti_burst","Hexagonal alloy shield","Mechanical lock tone","Projects an alloy matrix to strengthen both defenses.","5-step balance"
"068","Toxin Needle","Poison","Physical","65","95","6","1","0.10","true","true","0.00","0.00","enemy_single","opener","poison","35","","","","","","","","4","18","opener","common","poison_setup;tempo_gain","anti_sustain","Needle jab dash","Wet toxic prick","Rapid toxic jab that reliably poisons early.","5-step balance"
"069","Corrode Mist","Poison","Status","0","60","6","0","0.00","false","false","0.00","0.00","enemy_team","control","poison","100","100","DEFENSE","-1","false","","","","16","34","control","uncommon","team_chip;res_break","anti_tank","Spreading acid fog","Sizzling haze","Corrosive mist weakens armor while poisoning foes.","5-step balance"
"070","Bass Breaker","Sound","Physical","125","85","8","0","0.10","true","false","0.00","0.00","enemy_single","burst","daze","20","","","","","","","","12","30","burst","uncommon","daze_setup;burst_followup","anti_setup","Heavy sonic punch","Deep bass slam","A crushing bass-charged hit that can daze.","5-step balance"
"072","Nebula Spear","Cosmic","Magic","140","80","8","0","0.10","false","false","0.00","0.00","enemy_single","burst","","0","35","RESISTANCE","-1","false","","","","20","44","burst","very_rare","space_break;late_game_burst","anti_tank","Condensed starlight lance","Cosmic resonance crack","Dense nebula energy pierces and destabilizes defenses.","5-step balance"
"073","Event Horizon","Cosmic","Status","0","100","6","0","0.00","false","false","0.00","0.00","enemy_team","control","","0","100","SPEED","-1","false","MAGIC","-1","false","24","50","control","very_rare","team_debuff;burst_followup","anti_fast","Dark ring expansion","Low gravity growl","A gravity pulse slows and weakens enemy spell output.","5-step balance"
"074","Wyrm Crash","Dragon","Physical","140","85","8","0","0.10","true","true","0.00","0.00","enemy_single","burst","stagger","25","","","","","","","","20","46","burst","very_rare","dragon_combo;stagger_setup","anti_setup","Full-body dragon dive","Roaring impact boom","Brutal dragon collision built for late-game knockouts.","5-step balance"
"075","Draconic Focus","Dragon","Status","0","100","5","0","0.00","false","false","0.00","0.00","self_single","setup","","0","100","STRENGTH","1","true","MAGIC","1","true","16","38","setup","rare","hybrid_scaling;sweep_setup","anti_burst","Dragon rune ignition","Ancient scale hum","Focuses draconic will to raise both attack stats.","5-step balance"
"076","Pyre Spiral","Fire","Magic","140","80","8","0","0.10","false","false","0.00","0.00","enemy_single","burst","burn","40","","","","","","","","26","48","burst","rare","burn_setup;burst_followup","anti_tank","Spinning fire helix","Roaring vortex flame","A spiraling inferno that heavily pressures single targets.","High risk, high reward"
"077","Scald Armor","Water","Status","0","100","5","1","0.00","false","false","0.00","0.00","self_single","utility","","0","100","DEFENSE","1","true","SPEED","-1","true","16","34","utility","uncommon","defense_stack;counter_build","anti_physical","Steam shell around user","Boiling hiss","Gain armor instantly, but momentum drops.","Instant protection tradeoff"
"078","Tangle Field","Plant","Status","0","80","6","0","0.00","false","false","0.00","0.00","enemy_team","control","root","100","100","SPEED","-1","false","","","","18","38","control","rare","team_control;chip_plan","anti_fast","Vines erupt across arena","Dense vine snap","Roots and slows enemy teams for tempo control.","Team lockdown"
"079","Blood Fern","Plant","Magic","60","90","6","0","0.05","false","false","0.30","0.00","enemy_single","sustain","bleed","20","","","","","","","","22","42","sustain","rare","drain_combo;bleed_setup","anti_sustain","Crimson sap tendrils","Wet siphon pulse","Life-draining thorns that can open bleed windows.","Hybrid sustain"
"080","Haunt Step","Undead","Status","0","100","5","2","0.00","false","false","0.00","0.00","self_single","utility","","0","100","SPEED","1","true","RESISTANCE","1","true","14","28","opener","uncommon","tempo_gain;evasion_plan","anti_burst","Flickering ghost sidestep","Phase whoosh","Extreme initiative while fortifying spectral resistance.","Tempo plus survivability"
"081","Thunder Tax","Electric","Magic","150","80","9","0","0.10","false","false","0.00","0.00","enemy_team","burst","paralyze","20","","","","","","","","28","52","burst","very_rare","team_burst;paralyze_setup","anti_fast","Forked storm barrage","Rolling thunder chain","Large area storm that can cripple enemy tempo.","Premium aoe"
"082","Seismic Denial","Earth","Status","0","90","6","0","0.00","false","false","0.00","0.00","enemy_team","control","stagger","30","100","DEFENSE","-2","false","","","","24","46","control","rare","team_debuff;setup_break","anti_setup","Repeated ground tremors","Pulsing rumble","Shakes enemy footing and lowers durability.","Anti setup team tool"
"083","Updraft Cut","Air","Physical","80","90","6","1","0.15","true","false","0.00","0.00","enemy_single","finisher","","0","","","","","","","","12","30","finisher","uncommon","priority_chain;crit_combo","anti_squishy","Rising cross slash","Sharp wind lift","Fast execution strike with elevated crit pressure.","1v1 pass: priority finisher ceiling lowered."
"084","Frost Ledger","Ice","Status","0","100","5","0","0.00","false","false","0.00","0.00","enemy_single","control","freeze","20","100","MAGIC","-1","false","SPEED","-1","false","20","44","control","rare","double_debuff;chip_plan","anti_caster","Runic frost seal","Crystalline lock tone","Applies structured debuffs to lock tempo.","Reliable control profile"
"085","Dawn Break","Holy","Magic","150","80","9","0","0.10","false","false","0.00","0.00","enemy_single","burst","blind","30","35","RESISTANCE","-1","false","","","","24","50","burst","very_rare","holy_burst;breaker_plan","anti_tank","Solar beam impact","Radiant impact chord","A punishing holy beam that opens follow-up kills.","Late game nuke"
"086","Scent Hunt","Beast","Status","0","100","5","0","0.00","false","false","0.00","0.00","self_single","setup","","0","100","SPEED","1","true","STRENGTH","1","true","18","36","setup","uncommon","sweep_setup;finisher_chain","anti_slow","Predator tracking stance","Low growl pulse","Tracks weak prey and ramps offensive pressure.","Snowball setup"
"087","Rivet Burst","Metal","Magic","140","80","8","0","0.10","false","false","0.00","0.00","enemy_single","burst","stagger","20","35","DEFENSE","-1","false","","","","22","44","burst","rare","breaker_plan;stagger_setup","anti_tank","Shrapnel rivet cannon","Metal burst detonation","Metal shards blast armor and break posture.","Breaker burst"
"088","Toxic Mortgage","Poison","Status","0","95","4","0","0.00","false","false","0.00","0.00","enemy_single","control","poison","100","0","","","","","","","20","40","control","rare","poison_setup;anti_caster","anti_sustain","Contract sigil mark","Acidic pulse click","Guaranteed poison with caster pressure.","Single target lockdown"
"089","Feedback Loop","Sound","Status","0","100","5","1","0.00","false","false","0.00","0.00","enemy_single","utility","daze","30","100","SPEED","-1","false","","","","16","34","utility","uncommon","tempo_gain;control_chain","anti_fast","Echo ring rebound","Rising feedback whine","Quick disruption for turn-order control.","Tempo utility"
"090","Comet Toll","Cosmic","Magic","150","80","9","0","0.10","false","false","0.00","0.00","enemy_team","burst","","0","35","RESISTANCE","-1","false","","","","28","54","burst","very_rare","aoe_burst;space_break","anti_tank","Meteor shower barrage","Orbiting impact booms","Cosmic rain that softens teams for cleanup.","Heavy aoe investment"
"091","Scale Tax","Dragon","Physical","140","85","9","0","0.10","true","true","0.00","0.00","enemy_single","burst","bleed","25","35","DEFENSE","-1","false","","","","24","48","burst","rare","bleed_setup;breaker_plan","anti_tank","Draconic body slam","Scaled impact crack","Heavy body-check that opens armor and bleed.","Bruiser nuke"
"092","Kindled Rush","Fire","Physical","85","90","7","1","0.10","true","true","0.00","0.25","enemy_single","finisher","burn","15","","","","","","","","14","30","finisher","uncommon","priority_chain;burn_setup","anti_squishy","Ignited shoulder rush","Short blast pop","A fast closing rush; strong tempo tool but no longer a free nuke.","Meta pass: nerfed from overpowered state. Candidate recoil 25% dealt damage for high-risk variant."
"093","Monsoon Draft","Water","Magic","95","85","7","0","0.10","false","false","0.00","0.00","enemy_team","control","wet","35","","","","","","","","22","46","control","rare","wet_setup;team_control","anti_fast","Sweeping storm front","Wide rain gust","Floods field state to empower elemental combos.","Team enabler"
"094","Grasping Rot","Plant","Status","0","90","5","0","0.00","false","false","0.00","0.00","enemy_single","control","root","100","100","DEFENSE","-1","false","","","","24","46","control","rare","root_setup;breaker_plan","anti_tank","Rotting vine bind","Wet wood crack","Guaranteed root with armor erosion.","Single target control lock"
"095","Mirror Wound","Undead","Magic","80","90","6","0","0.10","false","false","0.20","0.00","enemy_single","sustain","cursed","25","","","","","","","","20","40","sustain","rare","drain_combo;curse_combo","anti_sustain","Reflected shadow slash","Glassy ghost scrape","Steals life while cursing the opponent.","Attrition caster"
"096","Ion Rake","Electric","Physical","80","95","7","1","0.10","true","true","0.00","0.20","enemy_single","finisher","paralyze","25","","","","","","","","18","38","finisher","rare","priority_chain;paralyze_setup","anti_fast","Raking electric claws","Rapid crack chain","Priority electric rake with stronger control identity via better paralyze chance.","Meta pass: shifted from raw damage to control finisher niche."
"097","Crust Wall","Earth","Status","0","100","6","0","0.00","false","false","0.00","0.00","self_team","sustain","","0","100","DEFENSE","1","true","","","","20","42","sustain","uncommon","team_stabilize;stall_plan","anti_physical","Stone wall rise","Layered rock grind","Teamwide defensive layer for longer fights.","Defensive team button"
"098","Tailwind Sentence","Air","Status","0","95","5","0","0.00","false","false","0.00","0.00","enemy_single","control","daze","30","100","SPEED","-2","false","","","","22","44","control","rare","speed_control;finish_setup","anti_fast","Condensed tailwind lash","Snapping gale crack","Punishes fast targets by collapsing their tempo.","Hard anti-speed tech"
"099","Absolute Zero","Ice","Magic","150","80","9","0","0.05","false","false","0.00","0.33","enemy_single","burst","freeze","35","","","","","","","","30","56","burst","legendary","freeze_setup;nuke_combo","anti_tank","Blue-white singular frost beam","Deep vacuum chill","Extreme ice burst with legendary risk profile.","Top-end nuke"
"100","Oathbreaker Hymn","Holy","Status","0","90","6","0","0.00","false","false","0.00","0.00","enemy_team","control","silence","30","100","MAGIC","-1","false","","","","26","50","control","very_rare","anti_caster;team_debuff","anti_magic","Fading choir fracture","Broken chorus swell","Disrupts enemy casting lines across the field.","Team anti-mage tech"
"101","Aftershock IOU","Earth","Magic","120","85","8","0","0.10","false","false","0.00","0.20","enemy_single","burst","stagger","20","35","SPEED","-1","true","","","","26","52","burst","rare","burst_followup;tradeoff_move","anti_setup","Delayed ground crack detonation","Two-stage rumble pop","Massive quake hit, but the user gets slowed by recoil strain.","Innovative: explicit drawback on user to prevent autopick."
"102","Glass Voltage","Electric","Magic","135","80","9","0","0.15","false","false","0.00","0.25","enemy_single","burst","paralyze","10","35","RESISTANCE","-1","true","","","","30","56","burst","very_rare","nuke_combo;tradeoff_move","anti_tank","Fracturing lightning prism","High-pitch shatter zap","Devastating electric blast that leaves the caster exposed.","Innovative: burst with self-defense penalty."
"103","Second Wind Cut","Air","Physical","65","100","5","1","0.10","true","false","0.00","0.00","enemy_single","finisher","","0","35","SPEED","1","true","","","","16","34","finisher","uncommon","priority_chain;tempo_gain","anti_fast","Crosswind dash reset","Double air slice","Moderate priority damage that fuels the next turn.","Innovative: tempo-positive finisher instead of raw damage."
"104","Blood Price Bloom","Plant","Status","0","100","5","0","0.00","false","false","0.00","0.00","self_single","setup","","0","100","MAGIC","2","true","DEFENSE","-1","true","18","38","setup","rare","glass_cannon_setup;risk_reward","anti_tank","Blooming thorn sigil","Wet stem snap","Large offensive setup buff with clear survivability tradeoff.","Innovative: strong setup with immediate downside."
"105","Mercy Debt","Holy","Status","0","100","6","0","0.00","false","false","0.00","0.00","self_team","sustain","cleanse","100","100","RESISTANCE","1","true","SPEED","-1","true","22","46","sustain","rare","team_reset;tradeoff_move","anti_status","Halo wave then heavy glow fade","Warm choir dip","Powerful team stabilizer that costs momentum.","Innovative: sustain is no longer tempo-free."
"106","Chain of Regret","Undead","Magic","75","90","6","0","0.10","false","false","0.15","0.00","enemy_single","sustain","cursed","20","45","SPEED","-1","true","","","","24","48","sustain","very_rare","drain_combo;curse_combo","anti_sustain","Spectral chain siphon","Metallic ghost rattle","Drains and curses, but leaves the user slower.","Innovative sustain-burst hybrid with self-tax."
"107","Zero-Sum Echo","Sound","Status","0","95","5","1","0.00","false","false","0.00","0.00","enemy_single","utility","silence","25","100","MAGIC","-1","false","MAGIC","-1","true","20","42","utility","uncommon","tempo_gain;anti_caster","anti_magic","Opposing waveform collision","Dual-tone cancel","Quickly suppresses enemy casting but also dampens your own magic.","Innovative symmetric debuff (zero-sum design)."
"108","Molten Hedge","Fire","Status","0","100","5","0","0.00","false","false","0.00","0.00","self_single","control","burn","100","100","DEFENSE","1","true","","","","20","40","control","uncommon","anti_contact;burn_setup","anti_physical","Spinning lava thorn ring","Lava bubble hiss","Defensive flame shell that guarantees burn on activation conceptually.","Innovative reactive-defense concept; good candidate for future passive interaction."
"109","Event Mortgage","Cosmic","Magic","145","80","9","0","0.10","false","false","0.00","0.30","enemy_single","burst","","0","35","RESISTANCE","-1","true","","","","30","56","burst","very_rare","nuke_combo;glass_cannon","anti_tank","Compressed star implosion","Vacuum pop boom","Massive single-target cosmic nuke with self-exposure.","Innovative explicit nuke tax model."
"110","Ruin Dividend","Dragon","Physical","130","85","8","0","0.10","true","true","0.00","0.20","enemy_single","burst","bleed","20","35","DEFENSE","-1","true","","","","26","50","burst","rare","bleed_setup;tradeoff_move","anti_tank","Rending dragon spiral charge","Scaled rupture crash","Brutal armor-rending rush that can overextend the user.","Innovative bruiser burst with intentional vulnerability."
"111","Draft Tap","Air","Physical","35","100","2","0","0.10","true","false","0.00","0.00","enemy_single","poke","","0","","","","","","","","1","12","poke","common","tempo_gain;chip_plan","anti_squishy","Palm wind poke","Soft air pop","A tiny gust jab for efficient early chip.","Lowcost air baseline"
"112","Shear Current","Air","Magic","75","90","5","0","0.10","false","false","0.00","0.00","enemy_single","control","","0","60","SPEED","-1","false","","","","14","32","control","uncommon","speed_control;team_followup","anti_fast","Curved wind blade","Ripping gust","Wind shear that slows the target.","Midcost control"
"113","Pressure Pocket","Air","Status","0","80","5","0","0.00","false","false","0.00","0.00","enemy_single","control","daze","100","","","","","","","","18","40","control","uncommon","daze_setup;burst_followup","anti_setup","Compressed air sphere","Pop thump","Collapses air pressure around the foe to disrupt actions.","Single target utility"
"114","Gnaw Feint","Beast","Physical","40","100","2","1","0.10","true","true","0.00","0.00","enemy_single","opener","","0","","","","","","","","1","12","opener","common","priority_chain;tempo_gain","anti_squishy","Quick bite fake","Short bite snap","Fast feint bite to steal initiative.","Lowcost beast opener"
"115","Pack Breaker","Beast","Physical","80","90","5","0","0.15","true","true","0.00","0.00","enemy_single","finisher","bleed","20","","","","","","","","16","34","finisher","uncommon","bleed_setup;finisher_chain","anti_sustain","Twin claw cross","Rend slash","Predatory finisher that pressures sustain teams.","Midcost finisher"
"116","Feigned Howl","Beast","Status","0","100","4","1","0.00","false","false","0.00","0.00","self_single","utility","","0","100","SPEED","1","true","DEFENSE","-1","false","14","30","utility","uncommon","tempo_gain;mindgame","anti_slow","Echoing fake roar","Decoy howl","A bluffing howl that creates tempo swings.","Utility variation"
"117","Star Pebble","Cosmic","Magic","40","100","3","0","0.15","false","false","0.00","0.00","enemy_single","poke","","0","","","","","","","","1","14","poke","common","crit_combo;chip_plan","anti_squishy","Tiny meteor flick","Stellar ping","Small cosmic projectile with reliable accuracy.","Lowcost cosmic baseline"
"118","Orbit Lash","Cosmic","Physical","75","90","5","0","0.10","true","false","0.00","0.00","enemy_single","control","","0","60","DEFENSE","-1","false","","","","18","36","control","uncommon","armor_break;burst_followup","anti_tank","Orbital ring whip","Space whip crack","Orbital strike that weakens enemy armor.","Midcost breaker"
"119","Redshift Veil","Cosmic","Status","0","100","5","0","0.00","false","false","0.00","0.00","self_single","setup","","0","100","SPEED","1","true","RESISTANCE","1","true","20","42","setup","rare","speed_snowball;magic_wall","anti_caster","Warped color veil","Distant warp hum","Bends local space to improve speed and magical endurance.","Defensive setup cosmic"
"120","Scale Jab","Dragon","Physical","45","95","3","0","0.10","true","true","0.00","0.00","enemy_single","poke","","0","","","","","","","","1","16","poke","common","chip_plan;dragon_combo","anti_squishy","Horn jab","Scaled poke hit","Simple draconic jab for efficient pressure.","Lowcost dragon baseline"
"121","Ember Wing","Dragon","Magic","80","90","5","0","0.10","false","false","0.00","0.00","enemy_single","burst","burn","20","","","","","","","","16","34","burst","uncommon","burn_setup;burst_followup","anti_tank","Flaming wing arc","Hot wing sweep","Dragonfire sweep with moderate burst profile.","Midcost dragon burst"
"122","Hoard Instinct","Dragon","Status","0","100","5","0","0.00","false","false","0.00","0.00","self_single","setup","","0","100","STRENGTH","1","true","DEFENSE","1","true","18","40","setup","uncommon","bruiser_build;sweep_setup","anti_burst","Gold-scale flare","Low draconic growl","Dragon reflex that hardens body and claws.","Bruiser setup"
"123","Tin Flick","Metal","Physical","35","100","2","0","0.10","true","false","0.00","0.00","enemy_single","poke","","0","","","","","","","","1","12","poke","common","chip_plan;tempo_gain","anti_squishy","Metal knuckle flick","Tiny clang","Cheap metal poke for resource-efficient turns.","Lowcost metal baseline"
"124","Servo Impact","Metal","Physical","85","90","5","0","0.10","true","false","0.00","0.00","enemy_single","burst","stagger","20","","","","","","","","16","36","burst","uncommon","stagger_setup;burst_followup","anti_setup","Hydraulic shoulder slam","Piston crash","Engine-driven collision with stagger chance.","Midcost metal burst"
"125","Magnetic Spill","Metal","Status","0","95","5","0","0.00","false","false","0.00","0.00","enemy_team","control","bind","20","100","SPEED","-1","false","","","","20","44","control","rare","team_control;focus_fire","anti_fast","Liquid magnet field","Magnetic buzz","Spreads magnetic drag over all enemies.","Team speed control"
"126","Snap Tone","Sound","Physical","40","100","3","0","0.10","true","false","0.00","0.00","enemy_single","poke","daze","10","","","","","","","","1","14","poke","common","chip_plan;daze_setup","anti_setup","Palm clap strike","Dry snap","Concise sonic hit with minor disruption chance.","Lowcost sound baseline"
"127","Chorus Hammer","Sound","Magic","80","90","5","0","0.10","false","false","0.00","0.00","enemy_single","burst","","0","60","RESISTANCE","-1","false","","","","16","36","burst","uncommon","breaker_plan;burst_followup","anti_tank","Layered chord slam","Stacked chord boom","Heavy harmonic strike that weakens magical defense.","Midcost sound burst"
"128","Dead Air","Sound","Status","0","70","5","0","0.00","false","false","0.00","0.00","enemy_single","control","silence","100","","","","","","","","18","40","control","rare","anti_caster;control_chain","anti_magic","Muted waveform collapse","Signal cutoff click","Cuts signal channels and silences the target.","Sound-identity clarified for 1v1 readability."
"129","Drizzle Peck","Water","Physical","40","100","3","0","0.10","true","false","0.00","0.00","enemy_single","poke","wet","15","","","","","","","","1","14","poke","common","wet_setup;chip_plan","anti_squishy","Rapid water peck","Small splash tick","Low-cost water poke that can prime wet synergies.","Lowcost water baseline"
"130","Undertow Bite","Water","Physical","80","90","5","0","0.10","true","true","0.10","0.00","enemy_single","finisher","","0","","","","","","","","16","34","finisher","uncommon","drain_combo;finisher_chain","anti_sustain","Spiral current bite","Deep water crunch","Pulls prey in with current and bites for closing pressure.","Midcost finisher water"
"131","Foam Screen","Water","Status","0","100","5","0","0.00","false","false","0.00","0.00","self_team","sustain","","0","100","RESISTANCE","1","true","","","","18","38","sustain","uncommon","team_stabilize;regen_combo","anti_burst","Foam barrier swell","Soft bubbling wave","Covers allies in foam that softens incoming magic damage.","Team sustain"
"132","Crossbreeze","Air","Magic","50","95","4","0","0.10","false","false","0.00","0.00","enemy_single","poke","","0","","","","","","","","8","22","poke","common","chip_plan;tempo_gain","anti_squishy","Crossing gust lines","Twin wind cuts","Steady mid-early wind poke with solid reliability.","Bridges low to mid"
"133","Scavenger Cut","Beast","Physical","55","95","4","0","0.10","true","true","0.08","0.00","enemy_single","poke","bleed","10","","","","","","","","10","24","poke","common","drain_combo;bleed_setup","anti_sustain","Low slicing pounce","Rasping claw","Efficient sustain poke for attrition styles.","Low-mid hybrid"
"134","Pulse Coin","Cosmic","Magic","50","95","4","0","0.20","false","false","0.00","0.00","enemy_single","poke","","0","","","","","","","","8","24","poke","uncommon","crit_combo;chip_plan","anti_squishy","Flipping starlight coin","Metallic star ping","Coin-flip projectile with high crit flavor.","Crit-centric poke"
"135","Tail Furnace","Dragon","Magic","90","85","6","0","0.10","false","false","0.00","0.00","enemy_single","burst","burn","25","","","","","","","","22","42","burst","rare","burn_setup;burst_followup","anti_tank","Tail-fired flame lance","Pressurized flame roar","Pressurized dragonfire with reliable burn pressure.","Mid-high but not nuke"
"136","Rivet Rain","Metal","Physical","70","90","6","0","0.10","false","false","0.00","0.00","enemy_team","control","","0","70","DEFENSE","-1","false","","","","22","44","control","rare","team_debuff;focus_fire","anti_tank","Shrapnel shower","Multiple metal pings","Area chip that preps armor breaks for allies.","AoE midcost variant"
"137","Meter Break","Sound","Magic","65","95","5","0","0.10","false","false","0.00","0.00","enemy_single","utility","","0","70","SPEED","-1","false","","","","16","34","utility","uncommon","speed_control;tempo_gain","anti_fast","Broken waveform pulse","Skipping metronome hit","Disruptive tone that trims enemy rhythm and speed.","Utility midcost"
"138","Rinse Loop","Water","Magic","65","95","5","0","0.10","false","false","0.15","0.00","enemy_single","sustain","","0","","","","","","","","14","32","sustain","uncommon","drain_combo;stall_plan","anti_tank","Circular cleansing stream","Looping water swirl","Repeated water cycle siphons moderate life.","Mid sustain water"
"139","Skyhook","Air","Physical","85","90","6","1","0.10","true","true","0.00","0.10","enemy_single","finisher","","0","","","","","","","","24","44","finisher","rare","priority_chain;risk_reward","anti_squishy","Upward hook tornado","Hooking gust boom","Priority aerial finisher with light recoil tax.","Risky closer"
"140","Bone Rush","Beast","Physical","90","85","6","0","0.15","true","true","0.00","0.00","enemy_single","finisher","bleed","25","","","","","","","","24","46","finisher","rare","bleed_setup;finisher_chain","anti_sustain","Shoulder maul rush","Heavy maul thud","High-commitment finisher for bleed teams.","Mid-high finisher"
"141","Null Blink","Cosmic","Status","0","100","4","1","0.00","false","false","0.00","0.00","self_single","utility","","0","100","SPEED","1","true","RESISTANCE","-1","true","16","34","utility","uncommon","tempo_gain;mindgame","anti_burst","Short-range star blink","Warp click","Fast repositioning buff with a defensive tax.","Utility tempo cosmic"
"142","Clutch Roar","Dragon","Status","0","95","5","0","0.00","false","false","0.00","0.00","enemy_team","control","fear","20","100","STRENGTH","-1","false","","","","22","44","control","rare","team_control;anti_sweep","anti_physical","Echoing draconic roar wave","Deep layered roar","Teamwide intimidation that cuts offensive momentum.","Team anti-sweep"
"143","Scrap Guard","Metal","Status","0","100","5","0","0.00","false","false","0.00","0.00","self_single","sustain","","0","100","DEFENSE","1","true","RESISTANCE","1","true","18","40","sustain","uncommon","tank_mode;stall_plan","anti_burst","Junk-metal shell","Scrap rattle lock","Quickly assembles a protective scrap layer.","Defensive sustain metal"
"144","Pitch Needle","Sound","Physical","70","95","5","1","0.10","true","false","0.00","0.00","enemy_single","finisher","","0","","","","","","","","18","36","finisher","uncommon","priority_chain;tempo_gain","anti_squishy","Sonic lance thrust","High pitch stab","Precision priority finisher with moderate power.","Healthy prio finisher profile"
"145","Cold Current","Water","Magic","70","90","5","0","0.10","false","false","0.00","0.00","enemy_single","control","freeze","15","70","SPEED","-1","false","","","","18","38","control","uncommon","speed_control;freeze_setup","anti_fast","Narrow frost stream","Chilled wave hiss","Cold stream controls enemy tempo and threatens freeze.","Midcost control water"
"146","Slip Knot","Air","Status","0","95","4","0","0.00","false","false","0.00","0.00","enemy_single","control","bind","25","100","SPEED","-1","false","","","","20","42","control","rare","bind_setup;focus_fire","anti_fast","Twisting wind knot","Tightening air rope","Binds and slows one target for focused takedowns.","1v1 pass: bind control softened."
"147","Hunger Tax","Beast","Physical","105","85","7","0","0.10","true","true","0.00","0.20","enemy_single","burst","bleed","20","","","","","","","","26","50","burst","rare","risk_reward;bleed_setup","anti_tank","Desperate maul charge","Feral rush impact","A brutal beast lunge with recoil drawback.","High-risk beast burst"
"148","Lucky Parallax","Cosmic","Magic","60","95","4","0","0.25","false","false","0.00","0.00","enemy_single","poke","","0","","","","","","","","12","30","poke","uncommon","crit_combo;chip_plan","anti_squishy","Forking starlight image","Twin warp ping","Cheap cosmic poke with elevated crit identity.","Distinct cosmic mid poke"
"149","Old Flame","Dragon","Magic","70","90","5","0","0.10","false","false","0.15","0.00","enemy_single","sustain","burn","15","","","","","","","","20","42","sustain","rare","drain_combo;burn_setup","anti_sustain","Ancient ember breath","Warm draconic exhale","Sustained dragonfire that restores some health.","Dragon sustain option"
"150","Iron Dividend","Metal","Physical","115","85","8","0","0.10","true","false","0.00","0.15","enemy_single","burst","stagger","20","","","","","","","","26","52","burst","rare","risk_reward;stagger_setup","anti_tank","Pneumatic pile-driver","Steel detonation thud","Heavy metal burst with manageable recoil tax.","Late rare burst with downside"
"151","Hurricane Lance","Air","Magic","110","85","7","0","0.10","false","false","0.00","0.10","enemy_single","burst","","0","","","","","","","","28","52","burst","rare","burst_followup;risk_reward","anti_tank","Condensed cyclone spear","Roaring drill wind","A compressed storm lance for high-end air magic burst.","Covers Air Magic strong"
"152","Skybreaker Talon","Air","Physical","105","85","7","0","0.10","true","true","0.00","0.10","enemy_single","burst","","0","","","","","","","","26","50","burst","rare","burst_followup;risk_reward","anti_tank","Diving crosswind slash","Heavy gale cut","Aerial dive burst for physical air builds.","Covers Air Physical strong"
"153","Whelp Bite","Beast","Magic","45","100","3","0","0.10","false","false","0.00","0.00","enemy_single","poke","","0","","","","","","","","1","16","poke","common","chip_plan","anti_squishy","Feral aura nip","Low snarl spark","Minor bestial hex-bite with stable hit rate.","Covers Beast Magic weak"
"154","Predator Sigil","Beast","Magic","75","90","5","0","0.10","false","false","0.00","0.00","enemy_single","control","bleed","20","","","","","","","","16","34","control","uncommon","bleed_setup;burst_followup","anti_sustain","Hunting rune mark","Rune slash growl","Brands prey with a magical hunter mark.","Covers Beast Magic mid"
"155","Apex Howl Beam","Beast","Magic","110","85","7","0","0.10","false","false","0.00","0.15","enemy_single","burst","fear","15","","","","","","","","28","54","burst","rare","fear_setup;risk_reward","anti_tank","Cone howl beam","Apex roar blast","Violent bestial roar projected as destructive force.","Covers Beast Magic strong"
"156","Orbit Knuckle","Cosmic","Physical","50","100","3","0","0.15","true","false","0.00","0.00","enemy_single","poke","","0","","","","","","","","4","18","poke","common","crit_combo;chip_plan","anti_squishy","Stellar knuckle jab","Cosmic thump","A compact physical cosmic hit.","Covers Cosmic Physical weak"
"157","Gravity Piledrive","Cosmic","Physical","110","85","7","0","0.10","true","true","0.00","0.10","enemy_single","burst","","0","45","SPEED","-1","true","","","","26","52","burst","rare","risk_reward;burst_followup","anti_tank","Inverted gravity slam","Heavy spatial drop","Crushes target with focused gravity mass.","Covers Cosmic Physical strong"
"158","Drake Spark","Dragon","Magic","50","95","4","0","0.10","false","false","0.00","0.00","enemy_single","poke","burn","10","","","","","","","","6","20","poke","common","burn_setup;chip_plan","anti_squishy","Mini drake flare","Quick ember hiss","Light dragon magic starter move.","Covers Dragon Magic weak"
"159","Scale Saw","Dragon","Physical","80","90","5","0","0.10","true","true","0.00","0.00","enemy_single","finisher","bleed","20","","","","","","","","14","32","finisher","uncommon","bleed_setup;finisher_chain","anti_sustain","Sawing wing edge","Raking scale grind","Mid-cost physical dragon finisher.","Covers Dragon Physical mid"
"160","Pebble Hex","Earth","Magic","45","95","3","0","0.10","false","false","0.00","0.00","enemy_single","poke","","0","","","","","","","","1","16","poke","common","chip_plan","anti_squishy","Runic pebble shot","Stone ping","Small earthen spell with steady efficiency.","Covers Earth Magic weak"
"161","Fault Needle","Earth","Magic","75","90","5","0","0.10","false","false","0.00","0.00","enemy_single","control","stagger","15","60","DEFENSE","-1","false","","","","16","34","control","uncommon","armor_break;burst_followup","anti_tank","Thin seismic spike","Cracking stone line","Precise quake magic that opens armor.","Covers Earth Magic mid"
"162","Boulder Elbow","Earth","Physical","80","90","5","0","0.10","true","false","0.00","0.00","enemy_single","burst","","0","","","","","","","","12","30","burst","uncommon","burst_followup;stagger_setup","anti_tank","Rock elbow smash","Dense impact thud","Mid-tier physical earth burst.","Covers Earth Physical mid"
"163","Spark Dart","Electric","Magic","50","100","3","0","0.10","false","false","0.00","0.00","enemy_single","poke","paralyze","10","","","","","","","","1","16","poke","common","paralyze_setup;chip_plan","anti_fast","Needle lightning dart","Thin zap tick","Basic electric magic poke for early control.","Covers Electric Magic weak"
"164","Livewire Crush","Electric","Physical","105","85","7","0","0.10","true","true","0.00","0.10","enemy_single","burst","paralyze","15","","","","","","","","24","50","burst","rare","burst_followup;risk_reward","anti_tank","Charged body slam","Heavy electric crack","Physical electric nuke with manageable risk.","Covers Electric Physical strong"
"165","Cinder Pin","Fire","Magic","50","100","3","0","0.10","false","false","0.00","0.00","enemy_single","poke","burn","10","","","","","","","","1","16","poke","common","burn_setup;chip_plan","anti_squishy","Tiny ember pin","Sharp ember tick","Low-cost fire magic starter.","Covers Fire Magic weak"
"166","Flare Sweep","Fire","Magic","80","90","5","0","0.10","false","false","0.00","0.00","enemy_single","burst","burn","20","","","","","","","","14","32","burst","uncommon","burn_setup;burst_followup","anti_tank","Arc flame sweep","Flame whoosh","Mid fire magic burst option.","Covers Fire Magic mid"
"167","Blaze Uppercut","Fire","Physical","105","85","7","0","0.10","true","true","0.00","0.10","enemy_single","burst","burn","15","","","","","","","","24","48","burst","rare","risk_reward;burn_setup","anti_tank","Rising fire fist","Ignition smash","High physical fire burst with risk tax.","Covers Fire Physical strong"
"168","Glimmer Dot","Holy","Magic","50","100","3","0","0.10","false","false","0.00","0.00","enemy_single","poke","blind","10","","","","","","","","1","16","poke","common","blind_setup;chip_plan","anti_crit","Tiny holy spark","Bell ping","Low-cost holy magic poke.","Covers Holy Magic weak"
"169","Prayer Spear","Holy","Magic","80","90","5","0","0.10","false","false","0.00","0.00","enemy_single","burst","","0","60","MAGIC","-1","false","","","","14","34","burst","uncommon","burst_followup;anti_caster","anti_magic","Lance of light","Focused choir stab","Balanced mid holy magic burst.","Covers Holy Magic mid"
"170","Halo Crash","Holy","Physical","105","85","7","0","0.10","true","false","0.00","0.10","enemy_single","burst","blind","15","","","","","","","","24","50","burst","rare","risk_reward;blind_setup","anti_tank","Descending halo slam","Radiant crash","Physical holy burst with risk profile.","Covers Holy Physical strong"
"171","Snow Pin","Ice","Magic","50","100","3","0","0.10","false","false","0.00","0.00","enemy_single","poke","freeze","10","","","","","","","","1","16","poke","common","freeze_setup;chip_plan","anti_fast","Needle snow shot","Sharp frost tick","Weak ice magic poke for early turns.","Covers Ice Magic weak"
"172","Icicle Hook","Ice","Physical","80","90","5","0","0.10","true","true","0.00","0.00","enemy_single","finisher","freeze","15","","","","","","","","16","34","finisher","uncommon","freeze_setup;finisher_chain","anti_fast","Hooked ice claw","Cold rip","Mid physical ice closer.","Covers Ice Physical mid"
"173","Steel Spark","Metal","Magic","50","95","3","0","0.10","false","false","0.00","0.00","enemy_single","poke","","0","","","","","","","","1","16","poke","common","chip_plan","anti_squishy","Arc welder pulse","Electric metal hiss","Entry-level metal magic poke.","Covers Metal Magic weak"
"174","Alloy Beam","Metal","Magic","80","90","5","0","0.10","false","false","0.00","0.00","enemy_single","burst","","0","60","DEFENSE","-1","false","","","","16","36","burst","uncommon","breaker_plan;burst_followup","anti_tank","White-hot alloy ray","Metal laser hum","Mid-tier metal magic breaker beam.","Covers Metal Magic mid"
"175","Thorn Gospel","Plant","Magic","105","85","8","0","0.10","false","false","0.12","0.15","enemy_single","burst","bleed","20","","","","","","","","24","50","burst","rare","drain_combo;burst_followup","anti_tank","Blooming thorn cathedral","Vine swell burst","High-end plant magic spike with sustain flavor.","1v1 pass: sustain burst now has explicit downside."
"176","Bramble Maul","Plant","Physical","105","85","7","0","0.10","true","true","0.00","0.10","enemy_single","burst","root","20","","","","","","","","24","50","burst","rare","root_setup;risk_reward","anti_tank","Spiked vine hammer","Wooden crush crack","Physical plant nuke with contact risk.","Covers Plant Physical strong"
"177","Venin Spit","Poison","Magic","50","95","3","0","0.10","false","false","0.00","0.00","enemy_single","poke","poison","20","","","","","","","","1","16","poke","common","poison_setup;chip_plan","anti_sustain","Toxic dart spit","Acid spit hiss","Weak poison magic poke with good status chance.","Covers Poison Magic weak"
"178","Plague Bell","Poison","Magic","105","85","7","0","0.10","false","false","0.00","0.10","enemy_single","burst","poison","30","","","","","","","","24","50","burst","rare","poison_setup;burst_followup","anti_tank","Toxic resonance bell","Corroded gong","Strong poison magic burst with risk tax.","Covers Poison Magic strong"
"179","Mire Lariat","Poison","Physical","105","85","7","0","0.10","true","true","0.00","0.10","enemy_single","burst","poison","20","","","","","","","","24","50","burst","rare","risk_reward;poison_setup","anti_tank","Sludge rope swing","Wet heavy slam","Physical poison burst for bruiser kits.","Covers Poison Physical strong"
"180","Whisper Note","Sound","Magic","50","100","3","0","0.10","false","false","0.00","0.00","enemy_single","poke","daze","10","","","","","","","","1","16","poke","common","chip_plan;daze_setup","anti_setup","Single floating note","Quiet chime ping","Low-power sound magic poke.","Covers Sound Magic weak"
"181","Dirge Nova","Undead","Magic","105","85","7","0","0.10","false","false","0.10","0.10","enemy_single","burst","cursed","25","","","","","","","","24","50","burst","rare","curse_combo;risk_reward","anti_sustain","Expanding grave choir ring","Wailing blast","Strong undead magic burst with mixed life-cost flavor.","Covers Undead Magic strong"
"182","Grave Hook","Undead","Physical","105","85","7","0","0.10","true","true","0.00","0.10","enemy_single","burst","fear","20","","","","","","","","24","50","burst","rare","fear_setup;risk_reward","anti_tank","Chain hook uppercut","Bone chain snap","Heavy undead physical burst finisher.","Covers Undead Physical strong"
"183","Mist Dart","Water","Magic","50","100","3","0","0.10","false","false","0.00","0.00","enemy_single","poke","wet","10","","","","","","","","1","16","poke","common","wet_setup;chip_plan","anti_squishy","Needle mist shot","Fine splash tick","Weak water magic poke for elemental setup.","Covers Water Magic weak"
"184","Rogue Wave","Water","Physical","105","85","7","0","0.10","true","false","0.00","0.10","enemy_single","burst","wet","25","","","","","","","","24","50","burst","rare","wet_setup;risk_reward","anti_tank","Surging wave shoulder","Crashing breaker boom","High-end physical water burst with risk.","Covers Water Physical strong"
"185","","","","","","","","","","","","0.00","","","","","","","","","","","","","","","","","","","","",""
"186","","","","","","","","","","","","0.00","","","","","","","","","","","","","","","","","","","","",""
"187","","","","","","","","","","","","0.00","","","","","","","","","","","","","","","","","","","","",""
"188","","","","","","","","","","","","0.00","","","","","","","","","","","","","","","","","","","","",""
"189","","","","","","","","","","","","0.00","","","","","","","","","","","","","","","","","","","","",""
"190","","","","","","","","","","","","0.00","","","","","","","","","","","","","","","","","","","","",""
